{"stats":{"minecraft:custom":{"minecraft:time_since_rest":291823,"minecraft:crouch_one_cm":1420,"minecraft:sprint_one_cm":20100,"minecraft:play_time":291823,"minecraft:walk_one_cm":297738,"minecraft:sneak_time":7094,"minecraft:drop":2,"minecraft:jump":629,"minecraft:leave_game":1,"minecraft:time_since_death":291823,"minecraft:total_world_time":323687,"minecraft:fly_one_cm":906507},"minecraft:dropped":{"minecraft:lever":1,"minecraft:repeater":1},"minecraft:used":{"minecraft:redstone_torch":195,"minecraft:black_terracotta":125,"minecraft:lever":60,"minecraft:repeater":178,"minecraft:redstone_lamp":37,"minecraft:black_stained_glass":254,"minecraft:cut_copper_slab":18,"minecraft:quartz_slab":62,"minecraft:smooth_quartz_slab":1,"minecraft:iron_block":51,"minecraft:redstone":1154,"minecraft:birch_sign":34,"minecraft:oak_sign":48,"minecraft:sandstone_slab":1,"minecraft:quartz_block":81,"minecraft:copper_block":309,"minecraft:smooth_stone_slab":406,"minecraft:gray_concrete":172,"minecraft:tinted_glass":7,"minecraft:sandstone":11,"minecraft:white_concrete":122,"minecraft:smooth_quartz":73,"minecraft:smooth_stone":538},"minecraft:picked_up":{"minecraft:repeater":6,"minecraft:oak_sign":1,"minecraft:lever":4,"minecraft:birch_sign":9,"minecraft:redstone_torch":25,"minecraft:redstone":91}},"DataVersion":3465}